TransactionID,CustomerID,TransactionAmount,SubscriptionType,TransactionDate
TXN000001,CUST0488,838.49,Basic,2024-03-07
TXN000002,CUST0105,576.59,Enterprise,2024-10-21
TXN000003,CUST0027,999.22,Basic,2024-08-08
TXN000004,CUST0227,293.98,Basic,2024-03-02
TXN000005,CUST0002,287.65,Premium,2024-07-14
TXN000006,CUST0359,168.15,Enterprise,2023-12-19
TXN000007,CUST0101,172.42,Enterprise,2024-11-30
TXN000008,CUST0021,292.33,Premium,2024-07-08
TXN000009,CUST0058,794.91,Enterprise,2024-04-30
TXN000010,CUST0389,906.7,Enterprise,2024-02-04
TXN000011,CUST0180,975.34,Enterprise,2024-02-17
TXN000012,CUST0429,239.97,Premium,2024-04-21
TXN000013,CUST0341,882.48,Enterprise,2024-02-15
TXN000014,CUST0349,334.97,Basic,2024-01-29
TXN000015,CUST0020,121.71,Basic,2023-12-13
TXN000016,CUST0255,871.32,Enterprise,2024-11-27
TXN000017,CUST0317,639.74,Premium,2024-09-15
TXN000018,CUST0038,173.08,Premium,2024-03-29
TXN000019,CUST0148,435.53,Premium,2024-02-10
TXN000020,CUST0498,294.39,Enterprise,2024-11-06
TXN000021,CUST0025,739.43,Enterprise,2024-01-08
TXN000022,CUST0386,458.88,Basic,2024-11-30
TXN000023,CUST0121,989.39,Premium,2024-09-29
TXN000024,CUST0416,64.2,Basic,2024-05-02
TXN000025,CUST0026,361.47,Basic,2024-03-11
TXN000026,CUST0454,487.08,Premium,2024-02-02
TXN000027,CUST0169,508.1,Enterprise,2024-09-10
TXN000028,CUST0323,322.78,Enterprise,2024-11-15
TXN000029,CUST0225,731.95,Basic,2024-07-15
TXN000030,CUST0001,876.0,Basic,2024-10-04
TXN000031,CUST0307,939.33,Basic,2024-06-06
TXN000032,CUST0261,807.04,Basic,2024-09-30
TXN000033,CUST0013,852.07,Premium,2024-01-04
TXN000034,CUST0403,555.04,Basic,2024-07-29
TXN000035,CUST0396,827.63,Basic,2024-02-14
TXN000036,CUST0048,310.47,Enterprise,2024-04-07
TXN000037,CUST0409,404.49,Enterprise,2024-05-13
TXN000038,CUST0313,323.74,Enterprise,2024-11-11
TXN000039,CUST0371,472.71,Premium,2024-10-09
TXN000040,CUST0291,292.72,Premium,2024-04-09
TXN000041,CUST0332,962.0,Enterprise,2024-03-31
TXN000042,CUST0094,319.72,Enterprise,2023-12-26
TXN000043,CUST0261,107.06,Basic,2024-09-19
TXN000044,CUST0482,531.55,Basic,2024-03-01
TXN000045,CUST0278,66.53,Premium,2024-07-31
TXN000046,CUST0359,119.44,Premium,2024-07-29
TXN000047,CUST0205,227.2,Basic,2024-05-14
TXN000048,CUST0185,469.71,Enterprise,2024-08-16
TXN000049,CUST0175,438.92,Basic,2024-05-13
TXN000050,CUST0438,801.69,Premium,2024-06-02
TXN000051,CUST0387,742.08,Premium,2024-06-30
TXN000052,CUST0380,432.06,Basic,2024-03-19
TXN000053,CUST0309,340.37,Basic,2024-06-15
TXN000054,CUST0468,323.3,Basic,2024-12-03
TXN000055,CUST0415,776.26,Premium,2024-10-04
TXN000056,CUST0069,61.55,Enterprise,2024-03-16
TXN000057,CUST0472,22.69,Basic,2024-06-09
TXN000058,CUST0104,797.59,Premium,2024-06-04
TXN000059,CUST0246,482.37,Premium,2024-07-14
TXN000060,CUST0161,139.57,Premium,2024-10-08
TXN000061,CUST0200,243.21,Basic,2024-08-16
TXN000062,CUST0216,933.18,Basic,2024-01-22
TXN000063,CUST0434,860.91,Enterprise,2024-05-31
TXN000064,CUST0212,712.69,Premium,2024-01-28
TXN000065,CUST0016,487.4,Basic,2024-08-20
TXN000066,CUST0498,525.12,Premium,2024-05-18
TXN000067,CUST0372,975.49,Premium,2024-11-08
TXN000068,CUST0332,966.11,Enterprise,2024-03-16
TXN000069,CUST0205,223.12,Basic,2024-02-12
TXN000070,CUST0365,812.99,Basic,2024-03-26
TXN000071,CUST0490,205.27,Premium,2024-02-26
TXN000072,CUST0039,221.4,Premium,2024-02-24
TXN000073,CUST0089,679.33,Enterprise,2024-01-05
TXN000074,CUST0430,410.95,Enterprise,2024-01-28
TXN000075,CUST0256,932.23,Enterprise,2023-12-31
TXN000076,CUST0480,98.12,Enterprise,2024-04-03
TXN000077,CUST0254,516.41,Enterprise,2024-03-09
TXN000078,CUST0216,919.34,Enterprise,2024-05-20
TXN000079,CUST0368,905.07,Premium,2024-03-21
TXN000080,CUST0303,164.96,Enterprise,2024-05-30
TXN000081,CUST0172,372.97,Premium,2024-05-19
TXN000082,CUST0137,622.93,Premium,2024-07-23
TXN000083,CUST0488,167.8,Basic,2024-03-19
TXN000084,CUST0498,968.34,Premium,2024-07-01
TXN000085,CUST0471,915.6,Premium,2024-06-20
TXN000086,CUST0384,175.28,Enterprise,2024-05-02
TXN000087,CUST0178,129.94,Premium,2024-11-03
TXN000088,CUST0077,94.55,Enterprise,2024-03-15
TXN000089,CUST0188,910.35,Enterprise,2024-05-08
TXN000090,CUST0480,201.69,Enterprise,2024-03-05
TXN000091,CUST0498,422.12,Basic,2024-05-28
TXN000092,CUST0015,454.36,Enterprise,2024-07-08
TXN000093,CUST0292,603.02,Premium,2024-04-06
TXN000094,CUST0497,81.02,Enterprise,2024-02-24
TXN000095,CUST0319,234.49,Enterprise,2024-04-23
TXN000096,CUST0325,932.18,Enterprise,2024-05-27
TXN000097,CUST0214,909.33,Basic,2024-03-13
TXN000098,CUST0208,783.48,Premium,2024-06-07
TXN000099,CUST0169,29.21,Basic,2024-02-25
TXN000100,CUST0330,333.74,Premium,2024-05-24
TXN000101,CUST0280,631.68,Basic,2024-04-18
TXN000102,CUST0466,282.44,Premium,2024-07-27
TXN000103,CUST0305,910.49,Basic,2024-10-07
TXN000104,CUST0146,637.55,Enterprise,2024-04-20
TXN000105,CUST0263,81.19,Basic,2024-08-07
TXN000106,CUST0004,909.92,Basic,2024-10-24
TXN000107,CUST0090,958.19,Enterprise,2024-01-01
TXN000108,CUST0453,86.94,Enterprise,2024-10-26
TXN000109,CUST0060,537.04,Premium,2023-12-11
TXN000110,CUST0311,310.33,Premium,2024-09-14
TXN000111,CUST0016,398.91,Premium,2024-10-28
TXN000112,CUST0227,187.85,Basic,2024-03-17
TXN000113,CUST0474,582.29,Premium,2024-04-04
TXN000114,CUST0466,958.4,Basic,2024-02-12
TXN000115,CUST0029,508.04,Basic,2024-06-29
TXN000116,CUST0151,92.09,Premium,2024-06-03
TXN000117,CUST0245,623.8,Premium,2024-09-24
TXN000118,CUST0270,346.82,Basic,2023-12-18
TXN000119,CUST0079,857.37,Enterprise,2023-12-24
TXN000120,CUST0433,440.33,Enterprise,2024-05-28
TXN000121,CUST0289,200.91,Basic,2024-09-22
TXN000122,CUST0153,199.19,Premium,2024-06-23
TXN000123,CUST0277,771.08,Basic,2024-09-09
TXN000124,CUST0401,272.93,Basic,2024-11-15
TXN000125,CUST0279,769.56,Premium,2024-02-21
TXN000126,CUST0057,213.83,Enterprise,2024-06-22
TXN000127,CUST0491,328.47,Basic,2024-08-24
TXN000128,CUST0465,470.83,Enterprise,2024-10-27
TXN000129,CUST0186,943.76,Enterprise,2024-06-27
TXN000130,CUST0398,932.41,Premium,2024-06-18
TXN000131,CUST0093,214.8,Basic,2023-12-16
TXN000132,CUST0276,364.64,Basic,2024-05-07
TXN000133,CUST0158,157.91,Enterprise,2024-04-07
TXN000134,CUST0275,514.89,Enterprise,2024-05-30
TXN000135,CUST0181,465.98,Premium,2024-05-19
TXN000136,CUST0359,901.75,Enterprise,2024-01-31
TXN000137,CUST0440,930.71,Premium,2024-06-07
TXN000138,CUST0077,389.73,Basic,2024-08-25
TXN000139,CUST0466,496.82,Premium,2024-06-24
TXN000140,CUST0151,897.27,Enterprise,2024-07-12
TXN000141,CUST0446,808.64,Basic,2023-12-15
TXN000142,CUST0238,13.62,Premium,2024-12-05
TXN000143,CUST0289,326.86,Basic,2023-12-28
TXN000144,CUST0231,427.56,Premium,2024-06-06
TXN000145,CUST0488,237.42,Enterprise,2024-08-24
TXN000146,CUST0018,207.58,Enterprise,2024-04-13
TXN000147,CUST0073,47.41,Basic,2024-10-21
TXN000148,CUST0417,646.94,Basic,2024-08-31
TXN000149,CUST0416,269.89,Basic,2024-12-03
TXN000150,CUST0189,61.82,Premium,2024-06-05
TXN000151,CUST0438,238.67,Enterprise,2024-08-11
TXN000152,CUST0017,803.89,Basic,2024-06-28
TXN000153,CUST0019,852.97,Basic,2024-06-06
TXN000154,CUST0219,488.24,Basic,2024-05-06
TXN000155,CUST0326,421.91,Premium,2024-01-21
TXN000156,CUST0483,978.08,Basic,2024-02-01
TXN000157,CUST0120,208.56,Basic,2023-12-20
TXN000158,CUST0101,223.21,Premium,2024-04-17
TXN000159,CUST0034,298.95,Premium,2024-05-21
TXN000160,CUST0084,181.03,Basic,2024-02-19
TXN000161,CUST0409,385.57,Basic,2023-12-21
TXN000162,CUST0196,911.73,Premium,2024-05-28
TXN000163,CUST0330,619.19,Enterprise,2024-12-04
TXN000164,CUST0202,417.83,Premium,2024-07-17
TXN000165,CUST0344,935.07,Enterprise,2024-04-11
TXN000166,CUST0341,57.98,Basic,2024-03-29
TXN000167,CUST0011,218.17,Basic,2024-09-03
TXN000168,CUST0347,570.23,Enterprise,2024-02-26
TXN000169,CUST0400,619.4,Premium,2024-08-02
TXN000170,CUST0218,49.16,Basic,2024-09-11
TXN000171,CUST0445,409.01,Enterprise,2024-09-13
TXN000172,CUST0253,652.66,Premium,2024-07-08
TXN000173,CUST0222,701.09,Enterprise,2024-07-17
TXN000174,CUST0383,641.76,Premium,2024-01-05
TXN000175,CUST0369,327.36,Premium,2024-01-06
TXN000176,CUST0080,102.58,Premium,2024-07-02
TXN000177,CUST0007,432.84,Premium,2024-07-15
TXN000178,CUST0272,137.47,Enterprise,2024-05-07
TXN000179,CUST0227,948.15,Enterprise,2023-12-10
TXN000180,CUST0016,480.42,Enterprise,2024-12-02
TXN000181,CUST0424,324.09,Enterprise,2024-02-17
TXN000182,CUST0012,768.64,Enterprise,2024-04-18
TXN000183,CUST0291,502.97,Premium,2024-01-20
TXN000184,CUST0241,316.93,Basic,2024-01-17
TXN000185,CUST0021,813.85,Basic,2024-09-23
TXN000186,CUST0178,868.48,Enterprise,2024-09-13
TXN000187,CUST0427,676.28,Enterprise,2024-09-21
TXN000188,CUST0228,56.49,Basic,2024-09-23
TXN000189,CUST0496,570.66,Premium,2024-10-24
TXN000190,CUST0273,765.66,Enterprise,2024-05-15
TXN000191,CUST0288,145.14,Premium,2024-11-02
TXN000192,CUST0297,236.38,Basic,2024-06-18
TXN000193,CUST0134,883.67,Basic,2023-12-13
TXN000194,CUST0472,29.92,Enterprise,2024-07-03
TXN000195,CUST0283,755.2,Premium,2024-05-29
TXN000196,CUST0404,479.04,Enterprise,2024-12-04
TXN000197,CUST0153,452.3,Basic,2024-07-25
TXN000198,CUST0066,17.03,Premium,2024-10-30
TXN000199,CUST0137,821.2,Enterprise,2024-04-06
TXN000200,CUST0092,366.23,Enterprise,2024-08-12
TXN000201,CUST0437,545.36,Enterprise,2024-01-10
TXN000202,CUST0317,680.53,Basic,2024-09-13
TXN000203,CUST0422,705.6,Enterprise,2024-05-20
TXN000204,CUST0259,956.42,Premium,2024-12-02
TXN000205,CUST0468,536.03,Enterprise,2024-05-22
TXN000206,CUST0454,405.72,Basic,2024-02-19
TXN000207,CUST0103,954.17,Enterprise,2024-01-24
TXN000208,CUST0481,645.69,Basic,2024-11-17
TXN000209,CUST0055,305.17,Basic,2024-05-04
TXN000210,CUST0257,135.2,Premium,2024-08-09
TXN000211,CUST0101,844.13,Premium,2024-05-14
TXN000212,CUST0198,368.56,Enterprise,2024-09-15
TXN000213,CUST0301,663.87,Basic,2024-01-19
TXN000214,CUST0226,476.11,Basic,2024-01-09
TXN000215,CUST0431,206.94,Premium,2024-08-28
TXN000216,CUST0463,605.67,Premium,2024-09-24
TXN000217,CUST0237,70.08,Enterprise,2024-11-03
TXN000218,CUST0026,419.21,Basic,2024-09-02
TXN000219,CUST0121,551.15,Premium,2024-12-03
TXN000220,CUST0398,441.69,Enterprise,2024-03-17
TXN000221,CUST0182,751.19,Basic,2024-03-02
TXN000222,CUST0199,829.65,Basic,2024-09-23
TXN000223,CUST0302,773.53,Premium,2024-07-11
TXN000224,CUST0255,48.42,Enterprise,2024-12-03
TXN000225,CUST0122,202.19,Premium,2024-04-09
TXN000226,CUST0031,541.24,Enterprise,2024-03-03
TXN000227,CUST0472,935.47,Basic,2024-07-27
TXN000228,CUST0315,836.61,Enterprise,2024-11-05
TXN000229,CUST0479,844.11,Enterprise,2024-03-10
TXN000230,CUST0285,310.18,Enterprise,2024-11-11
TXN000231,CUST0106,435.15,Enterprise,2024-01-11
TXN000232,CUST0224,476.0,Enterprise,2024-09-03
TXN000233,CUST0273,165.8,Premium,2024-03-28
TXN000234,CUST0398,40.76,Enterprise,2024-03-11
TXN000235,CUST0232,947.43,Enterprise,2024-02-06
TXN000236,CUST0420,248.31,Basic,2024-06-27
TXN000237,CUST0256,247.55,Enterprise,2024-08-08
TXN000238,CUST0442,92.55,Basic,2024-06-24
TXN000239,CUST0496,929.22,Premium,2024-05-25
TXN000240,CUST0024,583.94,Premium,2023-12-18
TXN000241,CUST0109,670.37,Enterprise,2024-05-12
TXN000242,CUST0191,912.46,Premium,2024-02-02
TXN000243,CUST0347,352.16,Enterprise,2024-10-03
TXN000244,CUST0025,625.29,Premium,2024-02-17
TXN000245,CUST0187,48.41,Enterprise,2024-10-08
TXN000246,CUST0288,194.9,Enterprise,2024-07-27
TXN000247,CUST0116,832.93,Basic,2024-06-03
TXN000248,CUST0338,769.1,Basic,2024-02-04
TXN000249,CUST0366,357.14,Basic,2024-10-17
TXN000250,CUST0402,383.04,Basic,2024-08-14
TXN000251,CUST0037,538.22,Enterprise,2024-11-09
TXN000252,CUST0282,10.24,Premium,2024-08-19
TXN000253,CUST0137,248.83,Enterprise,2023-12-30
TXN000254,CUST0227,216.15,Basic,2024-05-19
TXN000255,CUST0320,257.98,Basic,2024-06-29
TXN000256,CUST0328,807.85,Premium,2024-09-11
TXN000257,CUST0404,286.88,Basic,2024-03-23
TXN000258,CUST0182,199.61,Enterprise,2024-06-19
TXN000259,CUST0362,509.22,Enterprise,2024-11-13
TXN000260,CUST0086,866.99,Enterprise,2024-10-05
TXN000261,CUST0467,248.94,Enterprise,2024-11-21
TXN000262,CUST0414,87.75,Enterprise,2024-11-20
TXN000263,CUST0053,362.84,Premium,2024-09-03
TXN000264,CUST0348,750.18,Enterprise,2024-10-31
TXN000265,CUST0355,555.18,Basic,2024-03-16
TXN000266,CUST0235,818.63,Basic,2024-11-20
TXN000267,CUST0447,960.0,Basic,2024-10-05
TXN000268,CUST0267,794.74,Basic,2024-10-23
TXN000269,CUST0287,607.77,Premium,2024-02-17
TXN000270,CUST0433,498.41,Basic,2024-05-29
TXN000271,CUST0496,49.67,Premium,2024-01-05
TXN000272,CUST0487,984.48,Basic,2024-05-26
TXN000273,CUST0100,389.65,Premium,2024-08-17
TXN000274,CUST0478,160.71,Premium,2024-11-21
TXN000275,CUST0087,670.04,Premium,2023-12-20
TXN000276,CUST0403,291.45,Basic,2024-11-19
TXN000277,CUST0396,589.92,Premium,2024-12-01
TXN000278,CUST0015,590.9,Enterprise,2024-11-23
TXN000279,CUST0415,451.27,Enterprise,2024-09-30
TXN000280,CUST0427,837.76,Basic,2024-03-29
TXN000281,CUST0101,272.32,Enterprise,2024-04-20
TXN000282,CUST0165,454.15,Enterprise,2024-11-30
TXN000283,CUST0463,542.32,Enterprise,2024-09-19
TXN000284,CUST0029,666.99,Basic,2024-03-08
TXN000285,CUST0114,786.13,Basic,2024-07-11
TXN000286,CUST0107,400.86,Enterprise,2024-05-24
TXN000287,CUST0410,649.59,Basic,2024-08-25
TXN000288,CUST0364,159.1,Premium,2024-10-20
TXN000289,CUST0130,933.32,Enterprise,2024-06-19
TXN000290,CUST0084,389.23,Basic,2024-07-01
TXN000291,CUST0271,732.23,Basic,2024-04-25
TXN000292,CUST0244,30.14,Enterprise,2024-01-30
TXN000293,CUST0388,213.14,Basic,2024-07-20
TXN000294,CUST0214,492.21,Enterprise,2024-11-28
TXN000295,CUST0306,879.47,Basic,2024-03-09
TXN000296,CUST0166,531.98,Premium,2024-11-23
TXN000297,CUST0279,930.57,Enterprise,2024-06-18
TXN000298,CUST0059,488.96,Premium,2024-03-25
TXN000299,CUST0090,495.54,Enterprise,2024-02-19
TXN000300,CUST0371,128.55,Basic,2024-04-20
TXN000301,CUST0331,804.63,Premium,2024-11-10
TXN000302,CUST0412,254.5,Basic,2024-04-25
TXN000303,CUST0194,900.62,Enterprise,2024-06-17
TXN000304,CUST0123,911.72,Enterprise,2024-04-14
TXN000305,CUST0136,943.88,Enterprise,2024-02-01
TXN000306,CUST0413,525.03,Enterprise,2024-08-22
TXN000307,CUST0139,680.32,Enterprise,2024-09-28
TXN000308,CUST0229,780.73,Premium,2024-06-04
TXN000309,CUST0274,139.7,Enterprise,2024-02-11
TXN000310,CUST0439,604.95,Basic,2023-12-11
TXN000311,CUST0050,43.95,Premium,2024-09-19
TXN000312,CUST0398,502.59,Basic,2024-07-11
TXN000313,CUST0118,163.29,Enterprise,2024-10-28
TXN000314,CUST0202,191.09,Basic,2024-01-08
TXN000315,CUST0483,371.4,Premium,2024-10-31
TXN000316,CUST0393,438.11,Premium,2023-12-22
TXN000317,CUST0483,626.94,Premium,2024-03-13
TXN000318,CUST0395,83.68,Basic,2024-08-20
TXN000319,CUST0191,508.65,Premium,2023-12-22
TXN000320,CUST0364,190.8,Basic,2024-04-23
TXN000321,CUST0460,578.24,Enterprise,2024-10-03
TXN000322,CUST0323,641.03,Enterprise,2024-05-02
TXN000323,CUST0181,561.14,Basic,2024-03-31
TXN000324,CUST0423,740.91,Premium,2024-08-21
TXN000325,CUST0078,342.25,Basic,2024-02-11
TXN000326,CUST0440,767.46,Basic,2024-09-20
TXN000327,CUST0412,438.44,Basic,2024-02-10
TXN000328,CUST0075,489.34,Enterprise,2024-07-08
TXN000329,CUST0295,651.62,Basic,2024-05-05
TXN000330,CUST0281,28.17,Enterprise,2024-11-01
TXN000331,CUST0021,657.45,Basic,2024-08-02
TXN000332,CUST0394,622.4,Enterprise,2024-04-29
TXN000333,CUST0171,316.75,Basic,2024-08-06
TXN000334,CUST0015,94.94,Basic,2024-03-27
TXN000335,CUST0211,100.03,Premium,2024-05-19
TXN000336,CUST0048,923.99,Premium,2024-05-05
TXN000337,CUST0086,692.39,Basic,2024-05-01
TXN000338,CUST0149,135.83,Basic,2024-05-12
TXN000339,CUST0188,363.16,Basic,2024-09-17
TXN000340,CUST0372,596.56,Basic,2024-03-17
TXN000341,CUST0492,837.22,Premium,2024-10-02
TXN000342,CUST0480,53.22,Enterprise,2024-03-22
TXN000343,CUST0306,244.27,Basic,2024-07-06
TXN000344,CUST0151,890.85,Premium,2024-05-04
TXN000345,CUST0141,19.07,Basic,2024-07-01
TXN000346,CUST0069,209.39,Basic,2024-10-08
TXN000347,CUST0260,959.43,Enterprise,2024-05-30
TXN000348,CUST0476,617.27,Basic,2024-03-29
TXN000349,CUST0334,269.05,Basic,2024-12-07
TXN000350,CUST0456,76.32,Enterprise,2024-11-15
TXN000351,CUST0009,37.91,Enterprise,2024-01-03
TXN000352,CUST0121,252.3,Enterprise,2024-08-06
TXN000353,CUST0371,882.67,Enterprise,2024-11-03
TXN000354,CUST0419,421.75,Premium,2023-12-29
TXN000355,CUST0101,723.13,Premium,2024-03-11
TXN000356,CUST0149,919.1,Premium,2024-03-24
TXN000357,CUST0442,413.96,Basic,2023-12-10
TXN000358,CUST0146,199.36,Enterprise,2024-12-04
TXN000359,CUST0353,521.95,Enterprise,2024-04-01
TXN000360,CUST0456,909.0,Premium,2024-04-19
TXN000361,CUST0243,806.33,Basic,2024-10-18
TXN000362,CUST0241,75.17,Basic,2024-07-21
TXN000363,CUST0337,695.65,Basic,2024-10-12
TXN000364,CUST0043,576.18,Premium,2024-08-03
TXN000365,CUST0095,908.39,Basic,2024-01-25
TXN000366,CUST0226,131.26,Basic,2024-07-07
TXN000367,CUST0006,538.7,Basic,2024-09-10
TXN000368,CUST0214,880.67,Enterprise,2024-04-24
TXN000369,CUST0206,415.92,Premium,2024-05-26
TXN000370,CUST0067,487.17,Enterprise,2024-11-20
TXN000371,CUST0396,79.76,Enterprise,2024-03-27
TXN000372,CUST0100,285.36,Premium,2024-01-22
TXN000373,CUST0012,331.26,Enterprise,2024-08-02
TXN000374,CUST0237,945.67,Basic,2024-09-27
TXN000375,CUST0322,289.84,Basic,2024-08-10
TXN000376,CUST0258,466.26,Basic,2024-08-03
TXN000377,CUST0399,674.59,Basic,2024-02-15
TXN000378,CUST0407,170.56,Premium,2023-12-10
TXN000379,CUST0413,491.58,Enterprise,2023-12-30
TXN000380,CUST0337,741.15,Enterprise,2024-06-06
TXN000381,CUST0480,868.19,Basic,2024-05-29
TXN000382,CUST0135,630.0,Basic,2024-07-09
TXN000383,CUST0222,672.36,Enterprise,2024-02-09
TXN000384,CUST0156,135.02,Premium,2024-09-12
TXN000385,CUST0142,946.32,Enterprise,2024-07-12
TXN000386,CUST0428,141.25,Basic,2024-05-17
TXN000387,CUST0158,776.93,Basic,2024-10-14
TXN000388,CUST0465,272.17,Premium,2024-09-07
TXN000389,CUST0416,934.26,Enterprise,2024-05-07
TXN000390,CUST0494,722.76,Premium,2024-07-10
TXN000391,CUST0326,756.28,Premium,2024-07-15
TXN000392,CUST0371,226.87,Basic,2024-07-15
TXN000393,CUST0344,448.61,Enterprise,2024-10-28
TXN000394,CUST0262,621.64,Basic,2023-12-15
TXN000395,CUST0283,772.27,Enterprise,2024-02-14
TXN000396,CUST0338,112.92,Basic,2024-04-21
TXN000397,CUST0344,962.74,Basic,2024-11-14
TXN000398,CUST0229,891.32,Enterprise,2024-10-19
TXN000399,CUST0376,277.65,Enterprise,2024-03-01
TXN000400,CUST0280,824.53,Basic,2024-06-27
TXN000401,CUST0358,523.14,Enterprise,2024-04-07
TXN000402,CUST0290,467.19,Basic,2024-10-07
TXN000403,CUST0168,321.29,Enterprise,2024-09-19
TXN000404,CUST0047,585.16,Basic,2024-02-16
TXN000405,CUST0463,732.59,Basic,2024-12-04
TXN000406,CUST0203,416.82,Basic,2024-11-26
TXN000407,CUST0214,632.93,Premium,2024-09-04
TXN000408,CUST0246,702.32,Enterprise,2024-08-31
TXN000409,CUST0024,714.01,Basic,2024-06-26
TXN000410,CUST0321,61.45,Premium,2024-04-30
TXN000411,CUST0274,861.15,Basic,2024-01-04
TXN000412,CUST0044,463.67,Premium,2024-03-15
TXN000413,CUST0332,269.79,Basic,2024-06-16
TXN000414,CUST0313,249.35,Basic,2023-12-17
TXN000415,CUST0363,488.18,Premium,2024-02-06
TXN000416,CUST0156,887.96,Premium,2024-06-23
TXN000417,CUST0488,384.56,Enterprise,2024-09-04
TXN000418,CUST0380,752.23,Enterprise,2024-01-02
TXN000419,CUST0199,105.85,Premium,2024-10-30
TXN000420,CUST0407,481.3,Enterprise,2024-06-07
TXN000421,CUST0469,991.77,Premium,2024-07-02
TXN000422,CUST0162,772.73,Enterprise,2024-10-26
TXN000423,CUST0395,218.42,Basic,2024-09-06
TXN000424,CUST0470,506.43,Enterprise,2024-12-07
TXN000425,CUST0234,241.29,Basic,2024-11-03
TXN000426,CUST0163,415.47,Basic,2023-12-10
TXN000427,CUST0116,782.28,Enterprise,2024-04-09
TXN000428,CUST0093,773.51,Premium,2024-03-14
TXN000429,CUST0042,235.82,Basic,2024-11-03
TXN000430,CUST0284,923.0,Basic,2024-03-14
TXN000431,CUST0379,596.64,Enterprise,2024-01-13
TXN000432,CUST0210,386.13,Premium,2024-11-26
TXN000433,CUST0206,506.92,Premium,2024-02-09
TXN000434,CUST0466,609.02,Enterprise,2024-04-28
TXN000435,CUST0220,564.29,Premium,2024-04-16
TXN000436,CUST0280,491.54,Enterprise,2024-05-20
TXN000437,CUST0136,509.88,Enterprise,2024-04-09
TXN000438,CUST0106,184.65,Enterprise,2024-01-22
TXN000439,CUST0118,814.61,Basic,2024-07-05
TXN000440,CUST0237,546.34,Basic,2024-01-08
TXN000441,CUST0309,139.77,Basic,2024-05-06
TXN000442,CUST0456,768.5,Enterprise,2024-05-19
TXN000443,CUST0388,933.12,Basic,2024-11-15
TXN000444,CUST0475,947.83,Basic,2024-10-01
TXN000445,CUST0100,375.33,Basic,2024-09-15
TXN000446,CUST0261,144.16,Enterprise,2024-04-09
TXN000447,CUST0481,523.22,Enterprise,2024-03-06
TXN000448,CUST0305,121.48,Enterprise,2024-05-26
TXN000449,CUST0354,934.65,Basic,2024-09-25
TXN000450,CUST0286,191.74,Premium,2024-08-17
TXN000451,CUST0328,260.24,Basic,2023-12-17
TXN000452,CUST0103,412.57,Basic,2024-02-23
TXN000453,CUST0063,389.33,Enterprise,2024-03-12
TXN000454,CUST0175,796.72,Enterprise,2024-10-01
TXN000455,CUST0282,461.75,Basic,2024-04-27
TXN000456,CUST0441,179.06,Basic,2024-08-17
TXN000457,CUST0293,274.54,Premium,2024-10-26
TXN000458,CUST0226,514.02,Premium,2024-11-10
TXN000459,CUST0007,155.98,Enterprise,2024-07-27
TXN000460,CUST0127,615.54,Premium,2024-05-31
TXN000461,CUST0424,570.09,Premium,2024-01-20
TXN000462,CUST0092,717.56,Enterprise,2024-02-25
TXN000463,CUST0423,938.33,Premium,2024-08-05
TXN000464,CUST0190,913.13,Basic,2024-03-02
TXN000465,CUST0359,946.61,Premium,2024-01-20
TXN000466,CUST0476,252.27,Enterprise,2024-07-27
TXN000467,CUST0462,140.25,Basic,2024-04-09
TXN000468,CUST0053,309.25,Premium,2024-03-03
TXN000469,CUST0242,896.13,Basic,2024-03-03
TXN000470,CUST0486,972.33,Basic,2024-09-11
TXN000471,CUST0132,860.73,Premium,2024-08-26
TXN000472,CUST0490,118.92,Premium,2024-03-06
TXN000473,CUST0466,947.95,Enterprise,2024-10-26
TXN000474,CUST0364,429.12,Enterprise,2024-11-08
TXN000475,CUST0112,19.22,Basic,2024-11-12
TXN000476,CUST0409,447.97,Enterprise,2024-09-04
TXN000477,CUST0007,55.61,Basic,2024-10-23
TXN000478,CUST0230,548.44,Basic,2024-01-09
TXN000479,CUST0156,345.17,Enterprise,2024-11-25
TXN000480,CUST0197,478.7,Enterprise,2024-11-03
TXN000481,CUST0323,617.04,Enterprise,2024-08-12
TXN000482,CUST0364,870.11,Premium,2024-09-23
TXN000483,CUST0223,665.28,Basic,2024-02-19
TXN000484,CUST0367,439.71,Basic,2023-12-09
TXN000485,CUST0490,821.23,Basic,2024-06-04
TXN000486,CUST0250,906.53,Enterprise,2024-01-13
TXN000487,CUST0404,128.56,Enterprise,2024-08-22
TXN000488,CUST0083,536.61,Enterprise,2024-10-03
TXN000489,CUST0240,291.67,Enterprise,2023-12-24
TXN000490,CUST0380,56.59,Enterprise,2024-03-31
TXN000491,CUST0395,671.86,Premium,2024-09-23
TXN000492,CUST0360,864.14,Enterprise,2024-01-21
TXN000493,CUST0323,171.27,Basic,2024-09-21
TXN000494,CUST0471,814.29,Enterprise,2024-08-25
TXN000495,CUST0263,854.86,Basic,2024-01-10
TXN000496,CUST0407,915.2,Enterprise,2024-02-23
TXN000497,CUST0189,272.63,Enterprise,2024-11-09
TXN000498,CUST0455,904.91,Basic,2023-12-25
TXN000499,CUST0366,327.46,Basic,2023-12-18
TXN000500,CUST0290,556.81,Basic,2024-07-04
TXN000501,CUST0362,60.0,Basic,2024-07-09
TXN000502,CUST0403,53.44,Premium,2024-03-01
TXN000503,CUST0058,723.17,Basic,2024-06-20
TXN000504,CUST0009,450.04,Enterprise,2024-05-21
TXN000505,CUST0304,263.73,Enterprise,2024-07-18
TXN000506,CUST0115,198.51,Premium,2024-09-07
TXN000507,CUST0210,673.25,Basic,2024-02-03
TXN000508,CUST0041,10.4,Enterprise,2023-12-20
TXN000509,CUST0304,807.83,Premium,2024-05-28
TXN000510,CUST0173,88.46,Enterprise,2024-03-09
TXN000511,CUST0234,199.57,Premium,2024-08-29
TXN000512,CUST0281,392.37,Premium,2023-12-23
TXN000513,CUST0372,490.01,Basic,2024-10-01
TXN000514,CUST0078,361.45,Premium,2024-12-02
TXN000515,CUST0108,327.51,Enterprise,2024-08-12
TXN000516,CUST0281,964.28,Enterprise,2024-05-17
TXN000517,CUST0403,645.16,Basic,2024-11-22
TXN000518,CUST0039,33.2,Basic,2024-10-11
TXN000519,CUST0119,435.87,Premium,2024-02-27
TXN000520,CUST0335,876.26,Basic,2024-06-14
TXN000521,CUST0336,308.44,Enterprise,2024-01-14
TXN000522,CUST0027,103.61,Enterprise,2024-08-21
TXN000523,CUST0104,760.8,Basic,2024-09-22
TXN000524,CUST0074,609.95,Basic,2024-06-07
TXN000525,CUST0191,574.61,Basic,2024-11-08
TXN000526,CUST0324,63.04,Premium,2024-11-22
TXN000527,CUST0499,149.09,Premium,2024-08-28
TXN000528,CUST0147,626.32,Enterprise,2024-05-05
TXN000529,CUST0255,215.75,Premium,2024-01-05
TXN000530,CUST0284,509.03,Premium,2024-10-19
TXN000531,CUST0213,549.43,Premium,2023-12-13
TXN000532,CUST0123,290.67,Premium,2024-08-05
TXN000533,CUST0495,948.94,Enterprise,2024-10-14
TXN000534,CUST0206,844.04,Basic,2024-10-18
TXN000535,CUST0417,725.15,Enterprise,2024-07-26
TXN000536,CUST0240,87.21,Premium,2024-03-22
TXN000537,CUST0394,115.07,Basic,2024-04-01
TXN000538,CUST0339,497.85,Basic,2024-02-07
TXN000539,CUST0286,169.11,Basic,2024-10-01
TXN000540,CUST0022,978.48,Enterprise,2024-10-20
TXN000541,CUST0259,166.94,Basic,2024-08-28
TXN000542,CUST0357,492.59,Enterprise,2024-06-24
TXN000543,CUST0105,370.48,Enterprise,2024-04-21
TXN000544,CUST0466,642.99,Premium,2024-02-08
TXN000545,CUST0459,137.75,Premium,2024-07-24
TXN000546,CUST0432,436.01,Basic,2024-04-09
TXN000547,CUST0258,281.96,Basic,2024-08-02
TXN000548,CUST0204,888.87,Premium,2023-12-09
TXN000549,CUST0310,50.18,Enterprise,2024-02-02
TXN000550,CUST0262,914.59,Enterprise,2024-06-23
TXN000551,CUST0107,834.66,Premium,2024-04-18
TXN000552,CUST0251,304.6,Enterprise,2024-10-12
TXN000553,CUST0424,791.4,Premium,2024-08-10
TXN000554,CUST0492,40.9,Premium,2024-01-25
TXN000555,CUST0221,967.2,Basic,2024-10-21
TXN000556,CUST0379,531.33,Basic,2024-07-29
TXN000557,CUST0222,310.25,Premium,2024-01-10
TXN000558,CUST0258,368.96,Basic,2024-03-15
TXN000559,CUST0201,75.74,Premium,2024-06-20
TXN000560,CUST0367,989.46,Enterprise,2024-08-19
TXN000561,CUST0258,48.9,Enterprise,2024-05-26
TXN000562,CUST0349,658.36,Enterprise,2024-02-10
TXN000563,CUST0225,448.31,Enterprise,2024-07-20
TXN000564,CUST0202,949.43,Premium,2024-08-02
TXN000565,CUST0226,253.54,Enterprise,2024-12-07
TXN000566,CUST0236,536.77,Enterprise,2024-03-01
TXN000567,CUST0183,487.53,Enterprise,2024-03-16
TXN000568,CUST0200,705.84,Enterprise,2024-10-09
TXN000569,CUST0357,77.33,Premium,2024-07-02
TXN000570,CUST0246,201.85,Enterprise,2024-09-01
TXN000571,CUST0444,222.42,Basic,2024-07-27
TXN000572,CUST0353,740.77,Basic,2024-11-26
TXN000573,CUST0111,197.25,Basic,2024-10-26
TXN000574,CUST0006,577.76,Basic,2023-12-18
TXN000575,CUST0236,223.09,Basic,2024-06-16
TXN000576,CUST0127,863.01,Basic,2024-03-30
TXN000577,CUST0104,942.76,Premium,2024-10-23
TXN000578,CUST0237,523.31,Basic,2024-02-13
TXN000579,CUST0403,358.79,Enterprise,2023-12-30
TXN000580,CUST0480,241.72,Basic,2024-01-20
TXN000581,CUST0155,59.28,Premium,2024-09-28
TXN000582,CUST0257,275.82,Basic,2024-11-05
TXN000583,CUST0235,657.69,Enterprise,2024-09-30
TXN000584,CUST0500,538.28,Enterprise,2024-10-21
TXN000585,CUST0289,944.6,Premium,2024-10-27
TXN000586,CUST0040,402.31,Premium,2024-08-08
TXN000587,CUST0288,696.92,Premium,2024-08-23
TXN000588,CUST0197,494.43,Premium,2024-11-07
TXN000589,CUST0273,517.45,Basic,2024-11-23
TXN000590,CUST0382,275.1,Basic,2024-01-06
TXN000591,CUST0264,460.4,Enterprise,2024-11-11
TXN000592,CUST0057,476.08,Premium,2024-08-08
TXN000593,CUST0298,709.58,Premium,2024-01-05
TXN000594,CUST0098,941.23,Basic,2024-01-18
TXN000595,CUST0137,336.03,Premium,2024-01-03
TXN000596,CUST0376,51.78,Enterprise,2024-04-30
TXN000597,CUST0087,501.33,Enterprise,2024-06-15
TXN000598,CUST0419,549.02,Premium,2024-11-08
TXN000599,CUST0242,176.76,Enterprise,2024-02-05
TXN000600,CUST0199,762.86,Enterprise,2024-01-12
TXN000601,CUST0463,985.08,Basic,2024-07-03
TXN000602,CUST0437,946.32,Enterprise,2024-02-21
TXN000603,CUST0310,205.13,Premium,2023-12-20
TXN000604,CUST0084,876.61,Premium,2024-03-24
TXN000605,CUST0242,707.45,Enterprise,2024-08-06
TXN000606,CUST0281,459.31,Premium,2024-02-19
TXN000607,CUST0323,545.2,Basic,2023-12-18
TXN000608,CUST0252,851.1,Enterprise,2024-08-01
TXN000609,CUST0190,485.33,Enterprise,2024-06-14
TXN000610,CUST0439,379.48,Enterprise,2024-11-19
TXN000611,CUST0430,498.32,Premium,2024-11-04
TXN000612,CUST0152,583.34,Premium,2024-08-10
TXN000613,CUST0482,197.19,Enterprise,2024-05-04
TXN000614,CUST0302,901.9,Premium,2023-12-23
TXN000615,CUST0278,677.45,Premium,2024-04-19
TXN000616,CUST0139,636.94,Enterprise,2024-11-14
TXN000617,CUST0176,108.5,Enterprise,2024-04-12
TXN000618,CUST0008,608.13,Premium,2024-02-05
TXN000619,CUST0295,129.75,Enterprise,2024-02-03
TXN000620,CUST0235,87.91,Enterprise,2024-06-14
TXN000621,CUST0163,532.04,Enterprise,2024-06-26
TXN000622,CUST0049,408.76,Enterprise,2024-10-08
TXN000623,CUST0302,592.92,Premium,2024-07-24
TXN000624,CUST0038,98.33,Enterprise,2024-11-20
TXN000625,CUST0136,436.67,Basic,2024-08-10
TXN000626,CUST0310,183.04,Enterprise,2024-08-20
TXN000627,CUST0421,987.23,Basic,2024-04-16
TXN000628,CUST0219,565.54,Enterprise,2024-08-08
TXN000629,CUST0348,690.56,Basic,2024-06-10
TXN000630,CUST0296,332.16,Basic,2024-11-26
TXN000631,CUST0034,103.79,Enterprise,2024-10-21
TXN000632,CUST0352,976.11,Enterprise,2024-09-14
TXN000633,CUST0079,293.4,Enterprise,2024-09-12
TXN000634,CUST0236,429.57,Basic,2024-08-10
TXN000635,CUST0383,653.37,Premium,2024-05-04
TXN000636,CUST0273,34.45,Premium,2024-09-19
TXN000637,CUST0161,812.16,Enterprise,2024-04-13
TXN000638,CUST0175,541.21,Premium,2024-05-10
TXN000639,CUST0366,285.44,Premium,2024-04-30
TXN000640,CUST0308,70.99,Enterprise,2024-11-30
TXN000641,CUST0374,170.87,Basic,2024-04-17
TXN000642,CUST0464,896.08,Enterprise,2024-01-14
TXN000643,CUST0221,689.16,Premium,2024-07-02
TXN000644,CUST0009,257.4,Basic,2024-11-01
TXN000645,CUST0289,74.94,Premium,2024-05-31
TXN000646,CUST0444,693.71,Basic,2024-07-30
TXN000647,CUST0113,576.68,Premium,2024-08-15
TXN000648,CUST0477,410.47,Enterprise,2024-09-23
TXN000649,CUST0205,369.98,Premium,2024-02-05
TXN000650,CUST0405,224.65,Premium,2024-11-01
TXN000651,CUST0186,672.92,Basic,2024-09-18
TXN000652,CUST0341,970.96,Premium,2024-04-02
TXN000653,CUST0197,183.96,Enterprise,2024-07-07
TXN000654,CUST0266,601.15,Enterprise,2024-08-16
TXN000655,CUST0262,429.94,Enterprise,2024-10-13
TXN000656,CUST0248,452.22,Basic,2024-05-22
TXN000657,CUST0115,261.61,Basic,2024-04-03
TXN000658,CUST0121,826.88,Premium,2024-07-24
TXN000659,CUST0141,490.4,Premium,2024-10-07
TXN000660,CUST0065,547.97,Premium,2024-08-12
TXN000661,CUST0276,311.71,Basic,2024-05-15
TXN000662,CUST0313,189.99,Basic,2024-11-17
TXN000663,CUST0239,95.05,Premium,2024-05-23
TXN000664,CUST0302,716.98,Basic,2024-05-09
TXN000665,CUST0392,204.27,Basic,2024-03-21
TXN000666,CUST0010,693.17,Enterprise,2024-05-26
TXN000667,CUST0457,396.47,Enterprise,2024-08-18
TXN000668,CUST0369,421.62,Premium,2024-07-21
TXN000669,CUST0233,474.49,Premium,2024-03-23
TXN000670,CUST0195,374.03,Enterprise,2023-12-09
TXN000671,CUST0395,109.61,Basic,2023-12-25
TXN000672,CUST0012,316.54,Premium,2024-09-13
TXN000673,CUST0394,667.1,Premium,2024-06-27
TXN000674,CUST0409,669.13,Premium,2024-01-24
TXN000675,CUST0177,293.36,Basic,2024-08-21
TXN000676,CUST0177,465.5,Enterprise,2023-12-17
TXN000677,CUST0217,201.51,Premium,2024-03-21
TXN000678,CUST0011,218.27,Enterprise,2024-07-26
TXN000679,CUST0446,32.82,Enterprise,2024-08-23
TXN000680,CUST0118,897.78,Basic,2024-03-01
TXN000681,CUST0164,218.6,Basic,2024-10-01
TXN000682,CUST0039,235.26,Basic,2024-01-03
TXN000683,CUST0053,286.81,Basic,2024-07-16
TXN000684,CUST0218,136.13,Basic,2024-05-20
TXN000685,CUST0206,642.87,Basic,2024-01-23
TXN000686,CUST0487,84.39,Premium,2024-07-29
TXN000687,CUST0312,142.86,Enterprise,2024-06-17
TXN000688,CUST0360,648.31,Basic,2024-08-17
TXN000689,CUST0385,346.26,Premium,2024-01-11
TXN000690,CUST0056,710.87,Enterprise,2024-09-29
TXN000691,CUST0118,561.85,Basic,2024-08-30
TXN000692,CUST0388,263.46,Basic,2023-12-31
TXN000693,CUST0253,654.32,Premium,2024-02-15
TXN000694,CUST0286,125.11,Enterprise,2024-08-29
TXN000695,CUST0268,541.05,Basic,2024-04-19
TXN000696,CUST0291,442.78,Enterprise,2024-11-24
TXN000697,CUST0333,275.19,Premium,2024-01-18
TXN000698,CUST0180,607.96,Basic,2024-04-10
TXN000699,CUST0415,872.62,Enterprise,2024-06-27
TXN000700,CUST0358,998.92,Premium,2024-09-11
TXN000701,CUST0235,611.69,Premium,2024-02-25
TXN000702,CUST0343,410.66,Basic,2024-03-13
TXN000703,CUST0196,232.96,Enterprise,2023-12-26
TXN000704,CUST0308,264.53,Basic,2024-09-23
TXN000705,CUST0080,484.66,Basic,2024-04-13
TXN000706,CUST0135,373.6,Enterprise,2024-01-17
TXN000707,CUST0022,914.68,Enterprise,2024-09-29
TXN000708,CUST0477,374.61,Enterprise,2024-07-01
TXN000709,CUST0331,379.71,Premium,2024-06-10
TXN000710,CUST0440,389.7,Premium,2024-01-12
TXN000711,CUST0225,838.25,Enterprise,2024-06-09
TXN000712,CUST0058,654.28,Premium,2024-07-11
TXN000713,CUST0093,618.03,Basic,2024-10-13
TXN000714,CUST0192,340.8,Enterprise,2024-09-03
TXN000715,CUST0103,819.73,Basic,2024-10-06
TXN000716,CUST0396,47.98,Enterprise,2023-12-17
TXN000717,CUST0007,872.09,Basic,2024-07-22
TXN000718,CUST0128,517.62,Enterprise,2024-06-01
TXN000719,CUST0055,404.27,Basic,2024-10-03
TXN000720,CUST0231,502.2,Enterprise,2024-04-12
TXN000721,CUST0362,670.74,Enterprise,2024-07-31
TXN000722,CUST0062,22.64,Premium,2024-11-10
TXN000723,CUST0240,872.84,Basic,2024-06-01
TXN000724,CUST0090,452.27,Premium,2024-02-29
TXN000725,CUST0232,349.54,Basic,2024-01-31
TXN000726,CUST0457,146.86,Premium,2024-08-20
TXN000727,CUST0233,445.07,Enterprise,2024-09-01
TXN000728,CUST0354,501.36,Premium,2024-07-26
TXN000729,CUST0493,409.61,Premium,2023-12-09
TXN000730,CUST0333,681.87,Enterprise,2024-05-08
TXN000731,CUST0439,426.69,Premium,2024-09-10
TXN000732,CUST0375,961.8,Enterprise,2024-02-21
TXN000733,CUST0292,603.28,Basic,2024-03-21
TXN000734,CUST0345,809.4,Premium,2023-12-15
TXN000735,CUST0152,118.26,Enterprise,2024-01-30
TXN000736,CUST0428,403.32,Enterprise,2024-05-15
TXN000737,CUST0145,343.48,Premium,2024-02-07
TXN000738,CUST0130,573.79,Basic,2024-10-28
TXN000739,CUST0141,862.5,Premium,2024-02-12
TXN000740,CUST0415,87.55,Enterprise,2024-08-18
TXN000741,CUST0093,81.85,Basic,2024-07-22
TXN000742,CUST0114,851.81,Premium,2024-08-05
TXN000743,CUST0284,220.72,Enterprise,2024-11-16
TXN000744,CUST0444,672.07,Premium,2024-09-25
TXN000745,CUST0411,547.45,Basic,2024-03-23
TXN000746,CUST0143,834.56,Basic,2024-11-13
TXN000747,CUST0223,133.84,Basic,2023-12-27
TXN000748,CUST0232,138.49,Basic,2024-11-14
TXN000749,CUST0463,561.25,Basic,2024-09-11
TXN000750,CUST0033,946.91,Premium,2024-08-18
TXN000751,CUST0276,420.85,Basic,2024-09-09
TXN000752,CUST0170,333.67,Basic,2024-07-29
TXN000753,CUST0140,610.62,Enterprise,2024-06-04
TXN000754,CUST0357,931.14,Basic,2024-04-23
TXN000755,CUST0201,838.56,Enterprise,2024-04-02
TXN000756,CUST0023,995.53,Enterprise,2024-01-26
TXN000757,CUST0456,32.34,Enterprise,2024-04-23
TXN000758,CUST0224,121.73,Premium,2024-06-21
TXN000759,CUST0368,613.37,Premium,2024-10-17
TXN000760,CUST0270,822.37,Enterprise,2024-11-14
TXN000761,CUST0347,292.39,Premium,2024-06-17
TXN000762,CUST0153,246.82,Basic,2024-02-22
TXN000763,CUST0333,789.11,Premium,2024-06-25
TXN000764,CUST0085,65.82,Basic,2024-04-17
TXN000765,CUST0109,375.69,Basic,2024-04-04
TXN000766,CUST0031,510.75,Premium,2024-07-08
TXN000767,CUST0229,564.75,Premium,2024-08-18
TXN000768,CUST0240,731.33,Enterprise,2024-12-07
TXN000769,CUST0378,361.3,Premium,2024-03-16
TXN000770,CUST0363,616.56,Premium,2024-08-14
TXN000771,CUST0310,589.52,Premium,2024-08-31
TXN000772,CUST0389,552.14,Basic,2024-05-18
TXN000773,CUST0141,644.08,Basic,2024-11-29
TXN000774,CUST0156,266.85,Basic,2024-04-27
TXN000775,CUST0299,93.8,Enterprise,2024-03-31
TXN000776,CUST0345,128.08,Enterprise,2024-07-11
TXN000777,CUST0371,232.34,Enterprise,2024-04-11
TXN000778,CUST0099,505.2,Basic,2024-09-22
TXN000779,CUST0047,842.04,Premium,2024-06-20
TXN000780,CUST0487,704.28,Enterprise,2024-10-10
TXN000781,CUST0327,791.15,Enterprise,2024-07-14
TXN000782,CUST0422,357.47,Basic,2024-10-15
TXN000783,CUST0480,410.61,Enterprise,2024-06-10
TXN000784,CUST0067,399.75,Premium,2024-06-04
TXN000785,CUST0062,199.95,Basic,2024-07-03
TXN000786,CUST0109,70.6,Basic,2024-01-26
TXN000787,CUST0167,595.01,Premium,2024-01-30
TXN000788,CUST0037,989.32,Premium,2024-06-30
TXN000789,CUST0119,175.16,Premium,2024-05-19
TXN000790,CUST0498,56.22,Enterprise,2024-03-30
TXN000791,CUST0086,781.74,Premium,2024-11-18
TXN000792,CUST0382,260.06,Basic,2024-10-21
TXN000793,CUST0392,831.35,Premium,2024-04-22
TXN000794,CUST0465,706.9,Basic,2024-11-29
TXN000795,CUST0052,946.22,Basic,2024-01-16
TXN000796,CUST0091,414.84,Enterprise,2024-03-10
TXN000797,CUST0289,665.35,Premium,2024-01-17
TXN000798,CUST0494,470.21,Enterprise,2024-01-05
TXN000799,CUST0337,634.28,Premium,2024-10-07
TXN000800,CUST0298,455.1,Premium,2024-12-02
TXN000801,CUST0204,196.75,Premium,2024-04-25
TXN000802,CUST0368,512.82,Premium,2024-04-26
TXN000803,CUST0238,533.3,Premium,2024-07-19
TXN000804,CUST0382,812.5,Basic,2024-03-19
TXN000805,CUST0155,738.17,Basic,2024-09-26
TXN000806,CUST0240,667.15,Premium,2024-05-06
TXN000807,CUST0136,122.25,Basic,2024-04-19
TXN000808,CUST0407,723.41,Enterprise,2024-02-11
TXN000809,CUST0362,505.3,Enterprise,2024-04-11
TXN000810,CUST0381,895.16,Enterprise,2024-05-15
TXN000811,CUST0369,920.67,Premium,2024-04-18
TXN000812,CUST0064,64.61,Premium,2024-03-02
TXN000813,CUST0123,822.44,Basic,2023-12-28
TXN000814,CUST0254,47.32,Basic,2024-05-21
TXN000815,CUST0477,373.5,Basic,2024-11-14
TXN000816,CUST0114,546.88,Enterprise,2024-05-21
TXN000817,CUST0020,156.62,Enterprise,2024-07-21
TXN000818,CUST0016,748.85,Enterprise,2024-01-13
TXN000819,CUST0145,18.27,Enterprise,2024-03-13
TXN000820,CUST0208,176.91,Basic,2024-08-03
TXN000821,CUST0019,584.99,Premium,2024-12-05
TXN000822,CUST0376,717.24,Premium,2024-07-24
TXN000823,CUST0392,917.48,Enterprise,2024-05-05
TXN000824,CUST0166,708.44,Premium,2023-12-16
TXN000825,CUST0038,675.06,Premium,2024-01-12
TXN000826,CUST0181,400.4,Premium,2024-01-10
TXN000827,CUST0349,11.27,Enterprise,2023-12-21
TXN000828,CUST0105,128.96,Basic,2024-06-17
TXN000829,CUST0100,539.21,Basic,2024-03-05
TXN000830,CUST0090,678.38,Premium,2024-10-15
TXN000831,CUST0415,423.27,Basic,2024-08-23
TXN000832,CUST0300,733.37,Basic,2024-03-31
TXN000833,CUST0444,526.64,Enterprise,2024-11-27
TXN000834,CUST0332,83.43,Enterprise,2024-03-06
TXN000835,CUST0401,200.1,Premium,2024-03-01
TXN000836,CUST0079,841.6,Premium,2024-09-25
TXN000837,CUST0073,727.66,Premium,2023-12-18
TXN000838,CUST0423,895.81,Enterprise,2024-01-12
TXN000839,CUST0426,126.38,Basic,2024-11-23
TXN000840,CUST0176,990.32,Enterprise,2024-05-11
TXN000841,CUST0396,217.31,Enterprise,2024-10-13
TXN000842,CUST0096,21.66,Basic,2024-04-11
TXN000843,CUST0345,997.45,Basic,2024-02-16
TXN000844,CUST0103,288.26,Premium,2024-02-02
TXN000845,CUST0402,671.34,Basic,2024-03-06
TXN000846,CUST0463,184.92,Basic,2023-12-15
TXN000847,CUST0224,584.43,Basic,2024-02-12
TXN000848,CUST0006,904.99,Basic,2024-05-15
TXN000849,CUST0122,326.98,Premium,2024-05-13
TXN000850,CUST0236,673.55,Premium,2024-07-14
TXN000851,CUST0427,196.02,Basic,2024-05-21
TXN000852,CUST0116,628.55,Basic,2024-04-27
TXN000853,CUST0163,343.09,Premium,2024-11-18
TXN000854,CUST0226,219.1,Premium,2024-04-07
TXN000855,CUST0230,320.05,Basic,2024-03-17
TXN000856,CUST0182,187.05,Enterprise,2024-07-13
TXN000857,CUST0249,902.9,Premium,2024-11-20
TXN000858,CUST0318,403.22,Premium,2024-04-28
TXN000859,CUST0453,252.83,Premium,2024-07-20
TXN000860,CUST0210,453.92,Basic,2024-06-01
TXN000861,CUST0144,327.33,Basic,2024-06-14
TXN000862,CUST0392,746.98,Premium,2024-03-19
TXN000863,CUST0345,971.51,Basic,2024-01-28
TXN000864,CUST0096,443.65,Basic,2024-03-30
TXN000865,CUST0382,862.42,Premium,2024-06-21
TXN000866,CUST0346,570.2,Basic,2024-07-15
TXN000867,CUST0244,165.66,Enterprise,2024-04-26
TXN000868,CUST0086,693.72,Basic,2024-01-22
TXN000869,CUST0415,518.3,Basic,2024-01-26
TXN000870,CUST0491,654.1,Premium,2024-03-13
TXN000871,CUST0394,890.79,Premium,2024-05-08
TXN000872,CUST0184,446.03,Enterprise,2024-05-08
TXN000873,CUST0121,902.17,Basic,2024-05-23
TXN000874,CUST0332,753.16,Enterprise,2024-06-03
TXN000875,CUST0092,493.72,Enterprise,2023-12-17
TXN000876,CUST0070,607.19,Premium,2024-07-14
TXN000877,CUST0404,332.33,Basic,2024-07-08
TXN000878,CUST0133,983.76,Premium,2024-11-24
TXN000879,CUST0279,670.68,Enterprise,2024-06-01
TXN000880,CUST0137,53.41,Enterprise,2023-12-25
TXN000881,CUST0314,333.36,Premium,2024-06-19
TXN000882,CUST0187,627.08,Premium,2024-05-23
TXN000883,CUST0221,65.77,Premium,2024-03-22
TXN000884,CUST0464,33.65,Premium,2024-03-30
TXN000885,CUST0438,455.52,Premium,2024-04-05
TXN000886,CUST0046,339.36,Enterprise,2024-03-31
TXN000887,CUST0278,443.92,Premium,2024-03-09
TXN000888,CUST0192,270.07,Basic,2024-07-06
TXN000889,CUST0008,173.07,Enterprise,2024-01-08
TXN000890,CUST0379,692.25,Enterprise,2024-09-06
TXN000891,CUST0276,519.43,Basic,2024-11-07
TXN000892,CUST0179,208.15,Basic,2024-10-30
TXN000893,CUST0334,326.39,Enterprise,2024-10-25
TXN000894,CUST0039,595.89,Premium,2024-09-05
TXN000895,CUST0293,81.51,Enterprise,2024-01-27
TXN000896,CUST0178,155.98,Enterprise,2024-03-10
TXN000897,CUST0162,82.51,Basic,2024-05-07
TXN000898,CUST0331,814.19,Enterprise,2024-02-01
TXN000899,CUST0374,754.89,Premium,2024-07-26
TXN000900,CUST0104,755.78,Basic,2024-02-25
TXN000901,CUST0161,719.16,Enterprise,2024-10-21
TXN000902,CUST0287,672.69,Enterprise,2024-08-09
TXN000903,CUST0123,482.22,Premium,2024-05-19
TXN000904,CUST0054,645.86,Enterprise,2024-06-08
TXN000905,CUST0428,47.98,Enterprise,2024-10-16
TXN000906,CUST0034,625.25,Enterprise,2024-07-05
TXN000907,CUST0242,780.1,Enterprise,2024-11-09
TXN000908,CUST0455,505.35,Premium,2024-02-13
TXN000909,CUST0378,363.94,Enterprise,2023-12-31
TXN000910,CUST0113,284.65,Enterprise,2024-10-01
TXN000911,CUST0318,646.37,Enterprise,2024-03-09
TXN000912,CUST0023,695.87,Basic,2024-07-01
TXN000913,CUST0046,872.26,Premium,2024-07-21
TXN000914,CUST0312,348.91,Basic,2024-08-07
TXN000915,CUST0135,772.07,Basic,2024-04-09
TXN000916,CUST0118,565.74,Premium,2023-12-27
TXN000917,CUST0473,884.01,Basic,2024-05-29
TXN000918,CUST0189,532.53,Basic,2024-08-29
TXN000919,CUST0131,522.45,Basic,2024-05-30
TXN000920,CUST0422,582.1,Premium,2024-07-05
TXN000921,CUST0212,751.82,Enterprise,2024-11-08
TXN000922,CUST0418,965.04,Premium,2024-10-05
TXN000923,CUST0113,82.83,Premium,2024-04-13
TXN000924,CUST0044,62.9,Premium,2023-12-31
TXN000925,CUST0128,938.17,Basic,2024-11-25
TXN000926,CUST0364,534.58,Enterprise,2024-11-07
TXN000927,CUST0158,618.75,Premium,2024-04-03
TXN000928,CUST0273,487.6,Premium,2024-04-28
TXN000929,CUST0315,102.72,Enterprise,2024-01-17
TXN000930,CUST0394,770.41,Enterprise,2024-05-26
TXN000931,CUST0355,749.75,Enterprise,2024-12-07
TXN000932,CUST0340,318.59,Basic,2024-08-28
TXN000933,CUST0402,313.18,Enterprise,2024-09-25
TXN000934,CUST0045,839.46,Basic,2024-09-27
TXN000935,CUST0108,81.63,Premium,2023-12-18
TXN000936,CUST0219,882.29,Basic,2024-06-17
TXN000937,CUST0443,264.1,Enterprise,2024-07-06
TXN000938,CUST0318,597.05,Basic,2024-11-24
TXN000939,CUST0315,936.63,Enterprise,2024-10-01
TXN000940,CUST0177,681.34,Basic,2024-11-28
TXN000941,CUST0228,420.29,Premium,2024-08-26
TXN000942,CUST0191,692.64,Basic,2024-03-04
TXN000943,CUST0471,350.54,Premium,2024-07-31
TXN000944,CUST0160,284.49,Enterprise,2024-06-11
TXN000945,CUST0394,996.72,Premium,2024-03-11
TXN000946,CUST0267,753.28,Enterprise,2024-03-21
TXN000947,CUST0358,648.27,Enterprise,2024-08-23
TXN000948,CUST0326,361.74,Premium,2024-09-12
TXN000949,CUST0379,58.67,Premium,2024-09-07
TXN000950,CUST0489,40.75,Basic,2024-01-25
TXN000951,CUST0190,558.64,Basic,2024-05-12
TXN000952,CUST0175,764.41,Premium,2024-10-10
TXN000953,CUST0290,542.01,Premium,2024-02-25
TXN000954,CUST0484,842.38,Premium,2024-05-04
TXN000955,CUST0357,43.09,Premium,2024-11-19
TXN000956,CUST0145,373.08,Enterprise,2024-10-16
TXN000957,CUST0232,244.7,Premium,2024-10-02
TXN000958,CUST0360,452.8,Premium,2024-11-25
TXN000959,CUST0438,81.65,Premium,2024-06-17
TXN000960,CUST0204,954.59,Premium,2024-11-08
TXN000961,CUST0213,231.02,Enterprise,2024-08-06
TXN000962,CUST0040,923.08,Basic,2024-03-02
TXN000963,CUST0275,431.63,Basic,2024-10-09
TXN000964,CUST0323,985.67,Basic,2024-03-15
TXN000965,CUST0082,558.52,Basic,2024-12-06
TXN000966,CUST0181,931.52,Basic,2024-11-15
TXN000967,CUST0499,15.3,Enterprise,2024-01-19
TXN000968,CUST0320,750.76,Basic,2024-08-20
TXN000969,CUST0083,904.02,Enterprise,2024-09-14
TXN000970,CUST0303,148.32,Enterprise,2024-10-13
TXN000971,CUST0262,105.16,Basic,2024-03-15
TXN000972,CUST0272,430.33,Basic,2024-06-04
TXN000973,CUST0200,934.34,Basic,2024-04-14
TXN000974,CUST0240,546.96,Premium,2024-07-15
TXN000975,CUST0402,532.18,Enterprise,2024-03-10
TXN000976,CUST0180,149.71,Basic,2024-12-07
TXN000977,CUST0432,10.78,Premium,2024-01-08
TXN000978,CUST0171,812.04,Enterprise,2024-04-06
TXN000979,CUST0295,96.7,Premium,2024-07-01
TXN000980,CUST0177,637.51,Premium,2024-02-09
TXN000981,CUST0369,915.47,Basic,2024-04-12
TXN000982,CUST0396,216.57,Enterprise,2024-10-03
TXN000983,CUST0237,668.62,Premium,2024-09-05
TXN000984,CUST0138,87.91,Enterprise,2024-07-01
TXN000985,CUST0327,607.72,Basic,2024-02-03
TXN000986,CUST0366,172.29,Enterprise,2024-08-11
TXN000987,CUST0311,738.59,Premium,2024-04-24
TXN000988,CUST0129,308.22,Premium,2023-12-16
TXN000989,CUST0049,468.76,Enterprise,2024-09-05
TXN000990,CUST0164,603.44,Premium,2024-07-08
TXN000991,CUST0277,179.56,Premium,2024-02-09
TXN000992,CUST0293,744.22,Premium,2024-05-22
TXN000993,CUST0116,309.61,Basic,2024-08-18
TXN000994,CUST0024,665.75,Basic,2024-11-21
TXN000995,CUST0311,166.7,Premium,2024-11-17
TXN000996,CUST0025,691.24,Enterprise,2023-12-20
TXN000997,CUST0391,136.91,Basic,2024-07-31
TXN000998,CUST0127,431.1,Enterprise,2024-05-21
TXN000999,CUST0234,254.73,Premium,2024-07-28
TXN001000,CUST0209,750.89,Premium,2024-08-05
TXN001001,CUST0093,269.41,Enterprise,2024-04-24
TXN001002,CUST0094,882.9,Basic,2024-03-20
TXN001003,CUST0327,892.9,Enterprise,2024-10-23
TXN001004,CUST0225,204.48,Enterprise,2024-09-29
TXN001005,CUST0455,617.71,Premium,2023-12-27
TXN001006,CUST0378,96.84,Basic,2024-06-23
TXN001007,CUST0280,397.62,Enterprise,2024-10-24
TXN001008,CUST0011,716.19,Basic,2024-10-17
TXN001009,CUST0329,662.83,Premium,2024-10-07
TXN001010,CUST0012,628.45,Basic,2024-05-25
TXN001011,CUST0035,289.72,Premium,2024-03-21
TXN001012,CUST0447,384.24,Basic,2024-10-15
TXN001013,CUST0452,111.92,Enterprise,2024-10-16
TXN001014,CUST0228,721.83,Premium,2024-09-01
TXN001015,CUST0220,508.85,Enterprise,2024-04-04
TXN001016,CUST0441,711.68,Premium,2024-02-02
TXN001017,CUST0141,256.45,Basic,2024-11-24
TXN001018,CUST0023,331.19,Basic,2024-09-07
TXN001019,CUST0083,340.87,Premium,2024-10-14
TXN001020,CUST0490,35.48,Premium,2024-02-29
TXN001021,CUST0229,347.64,Premium,2024-10-17
TXN001022,CUST0423,805.27,Basic,2024-07-23
TXN001023,CUST0344,898.33,Premium,2024-07-24
TXN001024,CUST0080,523.04,Premium,2024-10-13
TXN001025,CUST0353,460.95,Enterprise,2024-12-05
TXN001026,CUST0396,40.52,Premium,2024-11-17
TXN001027,CUST0290,880.41,Enterprise,2024-03-10
TXN001028,CUST0455,22.88,Enterprise,2024-08-26
TXN001029,CUST0331,945.3,Enterprise,2024-11-02
TXN001030,CUST0159,494.32,Basic,2024-11-09
TXN001031,CUST0477,348.52,Enterprise,2024-11-18
TXN001032,CUST0128,924.98,Premium,2024-06-09
TXN001033,CUST0190,34.15,Basic,2024-02-27
TXN001034,CUST0397,585.61,Basic,2024-07-02
TXN001035,CUST0031,553.44,Basic,2024-09-29
TXN001036,CUST0386,227.13,Basic,2024-07-06
TXN001037,CUST0359,434.6,Basic,2024-02-13
TXN001038,CUST0015,655.74,Basic,2024-01-04
TXN001039,CUST0313,729.86,Basic,2024-04-26
TXN001040,CUST0075,10.71,Enterprise,2024-08-15
TXN001041,CUST0034,937.48,Premium,2024-08-21
TXN001042,CUST0359,172.88,Premium,2024-10-01
TXN001043,CUST0196,241.24,Enterprise,2024-10-02
TXN001044,CUST0331,270.84,Enterprise,2024-08-23
TXN001045,CUST0029,47.44,Basic,2024-10-08
TXN001046,CUST0194,131.82,Basic,2024-04-17
TXN001047,CUST0016,986.49,Enterprise,2023-12-15
TXN001048,CUST0423,322.06,Basic,2024-11-03
TXN001049,CUST0077,124.15,Premium,2024-10-30
TXN001050,CUST0293,115.92,Premium,2024-08-02
TXN001051,CUST0081,722.27,Basic,2024-03-29
TXN001052,CUST0405,856.02,Basic,2024-09-23
TXN001053,CUST0428,264.38,Basic,2024-04-21
TXN001054,CUST0124,30.7,Premium,2024-08-25
TXN001055,CUST0019,230.86,Basic,2024-07-03
TXN001056,CUST0455,65.95,Enterprise,2024-05-02
TXN001057,CUST0102,112.36,Basic,2024-05-01
TXN001058,CUST0392,437.19,Enterprise,2024-07-14
TXN001059,CUST0077,237.62,Basic,2024-01-20
TXN001060,CUST0229,520.79,Basic,2024-07-12
TXN001061,CUST0450,260.96,Premium,2024-07-31
TXN001062,CUST0297,941.13,Enterprise,2024-03-20
TXN001063,CUST0203,906.88,Enterprise,2024-03-01
TXN001064,CUST0472,571.14,Enterprise,2024-04-07
TXN001065,CUST0454,360.88,Premium,2024-10-01
TXN001066,CUST0061,387.34,Enterprise,2024-08-23
TXN001067,CUST0026,417.73,Premium,2023-12-19
TXN001068,CUST0071,730.3,Basic,2024-08-03
TXN001069,CUST0103,457.12,Basic,2024-01-05
TXN001070,CUST0467,858.16,Enterprise,2023-12-09
TXN001071,CUST0326,944.65,Basic,2024-03-07
TXN001072,CUST0363,342.59,Basic,2024-09-25
TXN001073,CUST0157,565.09,Enterprise,2024-07-04
TXN001074,CUST0363,104.11,Basic,2024-07-19
TXN001075,CUST0359,208.46,Enterprise,2024-05-07
TXN001076,CUST0194,419.33,Enterprise,2024-06-13
TXN001077,CUST0275,214.14,Basic,2024-11-19
TXN001078,CUST0324,877.79,Basic,2024-04-12
TXN001079,CUST0186,166.7,Basic,2024-10-23
TXN001080,CUST0326,461.1,Basic,2024-04-15
TXN001081,CUST0113,609.64,Basic,2024-02-05
TXN001082,CUST0313,694.95,Premium,2024-01-08
TXN001083,CUST0165,389.24,Basic,2024-03-17
TXN001084,CUST0061,870.41,Premium,2024-06-16
TXN001085,CUST0092,572.64,Enterprise,2024-03-16
TXN001086,CUST0286,445.11,Basic,2024-01-19
TXN001087,CUST0455,76.57,Basic,2024-11-12
TXN001088,CUST0457,470.04,Basic,2024-10-22
TXN001089,CUST0153,822.53,Enterprise,2024-02-10
TXN001090,CUST0225,618.4,Premium,2024-03-10
TXN001091,CUST0127,833.84,Premium,2024-08-22
TXN001092,CUST0193,499.07,Basic,2024-10-24
TXN001093,CUST0115,127.28,Basic,2024-06-12
TXN001094,CUST0262,23.5,Basic,2023-12-08
TXN001095,CUST0018,310.19,Basic,2024-03-25
TXN001096,CUST0010,701.01,Enterprise,2024-08-13
TXN001097,CUST0092,792.36,Basic,2024-11-20
TXN001098,CUST0139,302.8,Enterprise,2024-05-03
TXN001099,CUST0481,500.7,Basic,2024-01-20
TXN001100,CUST0449,426.91,Premium,2024-09-26
TXN001101,CUST0333,416.42,Premium,2024-10-26
TXN001102,CUST0357,239.04,Basic,2024-07-11
TXN001103,CUST0340,145.01,Basic,2023-12-16
TXN001104,CUST0449,204.72,Enterprise,2024-09-24
TXN001105,CUST0052,64.78,Basic,2024-07-25
TXN001106,CUST0195,206.15,Basic,2024-04-16
TXN001107,CUST0466,19.11,Basic,2024-08-01
TXN001108,CUST0489,630.99,Premium,2024-01-04
TXN001109,CUST0206,323.21,Enterprise,2024-07-09
TXN001110,CUST0287,973.41,Premium,2024-05-22
TXN001111,CUST0475,201.78,Enterprise,2024-04-26
TXN001112,CUST0401,352.37,Premium,2024-05-11
TXN001113,CUST0439,364.26,Basic,2023-12-23
TXN001114,CUST0366,18.37,Premium,2024-10-31
TXN001115,CUST0093,840.82,Premium,2024-10-18
TXN001116,CUST0420,41.67,Enterprise,2024-11-25
TXN001117,CUST0485,940.78,Enterprise,2024-01-30
TXN001118,CUST0410,893.15,Premium,2024-01-18
TXN001119,CUST0309,540.17,Enterprise,2024-10-16
TXN001120,CUST0145,548.16,Enterprise,2024-06-12
TXN001121,CUST0086,657.24,Enterprise,2023-12-12
TXN001122,CUST0153,393.18,Enterprise,2024-06-10
TXN001123,CUST0002,650.75,Enterprise,2024-11-29
TXN001124,CUST0342,54.32,Premium,2024-10-30
TXN001125,CUST0389,63.51,Enterprise,2024-04-21
TXN001126,CUST0260,462.66,Basic,2024-01-11
TXN001127,CUST0164,554.13,Premium,2024-08-10
TXN001128,CUST0006,888.94,Premium,2024-05-29
TXN001129,CUST0500,113.61,Premium,2024-10-07
TXN001130,CUST0149,824.42,Enterprise,2024-06-04
TXN001131,CUST0205,217.95,Basic,2024-07-02
TXN001132,CUST0118,400.14,Enterprise,2024-11-10
TXN001133,CUST0485,323.44,Premium,2024-03-30
TXN001134,CUST0089,406.15,Premium,2024-05-24
TXN001135,CUST0154,158.99,Premium,2024-11-26
TXN001136,CUST0439,508.53,Premium,2024-05-13
TXN001137,CUST0167,803.63,Enterprise,2024-08-23
TXN001138,CUST0468,447.12,Basic,2024-03-05
TXN001139,CUST0161,495.71,Basic,2024-01-17
TXN001140,CUST0270,850.28,Premium,2024-06-29
TXN001141,CUST0056,709.0,Basic,2024-06-06
TXN001142,CUST0228,495.55,Premium,2024-02-04
TXN001143,CUST0337,265.12,Premium,2024-08-12
TXN001144,CUST0149,886.08,Basic,2024-03-28
TXN001145,CUST0046,581.25,Premium,2024-01-18
TXN001146,CUST0144,228.94,Basic,2023-12-28
TXN001147,CUST0238,276.43,Premium,2024-11-22
TXN001148,CUST0272,805.1,Basic,2024-08-04
TXN001149,CUST0120,53.7,Premium,2024-05-05
TXN001150,CUST0340,992.17,Basic,2024-03-06
TXN001151,CUST0413,139.05,Premium,2024-03-17
TXN001152,CUST0220,798.11,Premium,2024-03-09
TXN001153,CUST0008,400.83,Premium,2024-05-24
TXN001154,CUST0344,497.29,Basic,2024-10-27
TXN001155,CUST0387,881.84,Enterprise,2024-04-19
TXN001156,CUST0473,418.78,Premium,2024-03-26
TXN001157,CUST0275,542.12,Premium,2023-12-09
TXN001158,CUST0353,58.81,Basic,2024-11-04
TXN001159,CUST0066,12.32,Premium,2024-08-05
TXN001160,CUST0079,252.35,Premium,2024-01-15
TXN001161,CUST0086,683.78,Premium,2024-05-29
TXN001162,CUST0124,130.05,Premium,2024-07-12
TXN001163,CUST0202,122.62,Enterprise,2024-03-19
TXN001164,CUST0466,416.85,Enterprise,2024-06-22
TXN001165,CUST0150,651.36,Premium,2023-12-22
TXN001166,CUST0046,714.95,Premium,2024-01-09
TXN001167,CUST0113,186.67,Premium,2024-01-17
TXN001168,CUST0091,88.79,Enterprise,2024-02-01
TXN001169,CUST0141,940.99,Enterprise,2024-07-13
TXN001170,CUST0289,268.06,Basic,2024-09-20
TXN001171,CUST0389,854.81,Basic,2024-10-28
TXN001172,CUST0218,864.86,Premium,2024-05-19
TXN001173,CUST0077,774.8,Premium,2024-10-16
TXN001174,CUST0411,177.15,Enterprise,2024-06-22
TXN001175,CUST0377,823.58,Premium,2023-12-17
TXN001176,CUST0384,771.56,Premium,2024-07-31
TXN001177,CUST0334,600.76,Enterprise,2024-02-23
TXN001178,CUST0152,343.83,Enterprise,2023-12-19
TXN001179,CUST0323,269.88,Enterprise,2024-08-24
TXN001180,CUST0239,130.67,Enterprise,2024-05-18
TXN001181,CUST0115,514.66,Basic,2024-02-19
TXN001182,CUST0319,589.41,Enterprise,2024-03-30
TXN001183,CUST0369,365.75,Enterprise,2023-12-31
TXN001184,CUST0094,480.61,Premium,2024-10-03
TXN001185,CUST0483,369.88,Premium,2024-05-08
TXN001186,CUST0048,644.6,Premium,2024-07-21
TXN001187,CUST0191,902.25,Basic,2024-10-19
TXN001188,CUST0462,172.28,Enterprise,2024-04-09
TXN001189,CUST0012,387.59,Enterprise,2024-09-04
TXN001190,CUST0156,149.46,Basic,2024-05-03
TXN001191,CUST0172,628.69,Enterprise,2024-11-18
TXN001192,CUST0477,731.58,Premium,2024-08-15
TXN001193,CUST0427,932.59,Basic,2024-11-07
TXN001194,CUST0401,286.08,Enterprise,2024-11-14
TXN001195,CUST0296,950.71,Basic,2024-03-12
TXN001196,CUST0177,72.63,Basic,2024-08-01
TXN001197,CUST0341,606.98,Enterprise,2024-11-05
TXN001198,CUST0057,66.56,Premium,2024-09-12
TXN001199,CUST0343,894.84,Enterprise,2024-11-28
TXN001200,CUST0340,534.51,Enterprise,2024-02-29
TXN001201,CUST0448,672.65,Premium,2024-08-04
TXN001202,CUST0203,833.26,Enterprise,2024-07-13
TXN001203,CUST0185,158.81,Enterprise,2024-06-10
TXN001204,CUST0121,48.21,Enterprise,2024-01-23
TXN001205,CUST0226,880.09,Basic,2024-05-21
TXN001206,CUST0202,321.78,Basic,2024-11-23
TXN001207,CUST0330,137.69,Basic,2024-06-08
TXN001208,CUST0363,473.78,Enterprise,2024-06-16
TXN001209,CUST0380,602.32,Premium,2024-08-27
TXN001210,CUST0454,40.66,Basic,2024-09-14
TXN001211,CUST0356,282.15,Premium,2024-05-25
TXN001212,CUST0216,42.47,Enterprise,2024-05-08
TXN001213,CUST0460,426.13,Basic,2024-03-13
TXN001214,CUST0043,896.15,Enterprise,2024-03-25
TXN001215,CUST0375,982.83,Premium,2024-07-15
TXN001216,CUST0023,640.68,Basic,2024-09-17
TXN001217,CUST0155,170.02,Basic,2023-12-27
TXN001218,CUST0186,906.79,Basic,2024-08-16
TXN001219,CUST0249,521.09,Basic,2024-09-16
TXN001220,CUST0237,162.21,Premium,2024-11-06
TXN001221,CUST0293,922.51,Basic,2024-03-03
TXN001222,CUST0134,759.89,Enterprise,2024-11-10
TXN001223,CUST0321,734.39,Basic,2024-03-14
TXN001224,CUST0390,712.09,Premium,2024-01-13
TXN001225,CUST0434,208.34,Basic,2024-01-23
TXN001226,CUST0022,218.9,Premium,2024-01-07
TXN001227,CUST0361,691.41,Premium,2024-04-25
TXN001228,CUST0088,227.53,Enterprise,2024-04-22
TXN001229,CUST0153,444.28,Basic,2023-12-11
TXN001230,CUST0125,784.18,Basic,2024-01-25
TXN001231,CUST0079,786.11,Basic,2024-03-14
TXN001232,CUST0346,458.73,Enterprise,2024-09-04
TXN001233,CUST0456,794.27,Enterprise,2024-03-13
TXN001234,CUST0051,840.24,Premium,2024-05-12
TXN001235,CUST0216,658.23,Premium,2024-08-09
TXN001236,CUST0176,236.14,Premium,2024-09-28
TXN001237,CUST0358,281.27,Enterprise,2024-09-13
TXN001238,CUST0253,321.69,Enterprise,2024-09-22
TXN001239,CUST0454,125.64,Enterprise,2024-11-27
TXN001240,CUST0246,280.43,Premium,2023-12-11
TXN001241,CUST0227,217.42,Enterprise,2024-03-03
TXN001242,CUST0106,460.78,Premium,2024-02-19
TXN001243,CUST0193,909.35,Premium,2024-08-25
TXN001244,CUST0316,113.44,Basic,2024-02-11
TXN001245,CUST0302,723.07,Basic,2024-09-18
TXN001246,CUST0036,690.41,Basic,2024-01-17
TXN001247,CUST0442,104.8,Premium,2024-11-18
TXN001248,CUST0204,923.35,Basic,2024-01-30
TXN001249,CUST0422,572.79,Basic,2024-10-21
TXN001250,CUST0267,370.09,Basic,2024-04-06
TXN001251,CUST0268,758.97,Enterprise,2024-01-09
TXN001252,CUST0170,264.79,Premium,2024-08-16
TXN001253,CUST0498,696.57,Basic,2024-03-31
TXN001254,CUST0039,49.31,Enterprise,2024-09-30
TXN001255,CUST0455,841.01,Enterprise,2024-04-14
TXN001256,CUST0139,453.69,Enterprise,2024-05-30
TXN001257,CUST0292,640.33,Basic,2024-10-04
TXN001258,CUST0052,229.03,Enterprise,2024-02-12
TXN001259,CUST0287,680.3,Premium,2024-09-25
TXN001260,CUST0289,774.52,Enterprise,2024-03-26
TXN001261,CUST0141,478.48,Enterprise,2024-05-21
TXN001262,CUST0146,621.55,Enterprise,2024-03-21
TXN001263,CUST0425,461.76,Enterprise,2024-02-07
TXN001264,CUST0314,895.15,Premium,2024-09-18
TXN001265,CUST0184,502.89,Basic,2024-02-04
TXN001266,CUST0152,843.39,Premium,2024-07-12
TXN001267,CUST0201,803.34,Premium,2024-09-26
TXN001268,CUST0128,416.4,Basic,2024-05-03
TXN001269,CUST0287,237.78,Enterprise,2024-10-02
TXN001270,CUST0311,412.02,Basic,2024-05-30
TXN001271,CUST0253,827.96,Basic,2024-05-13
TXN001272,CUST0489,235.36,Premium,2023-12-19
TXN001273,CUST0266,529.19,Basic,2024-02-07
TXN001274,CUST0188,808.04,Enterprise,2024-02-11
TXN001275,CUST0386,359.94,Premium,2024-07-18
TXN001276,CUST0230,645.79,Enterprise,2024-08-02
TXN001277,CUST0271,253.18,Premium,2024-05-19
TXN001278,CUST0259,118.19,Enterprise,2024-01-08
TXN001279,CUST0299,796.44,Basic,2024-10-13
TXN001280,CUST0415,107.98,Basic,2024-10-02
TXN001281,CUST0198,278.67,Basic,2024-11-04
TXN001282,CUST0323,856.56,Enterprise,2024-01-16
TXN001283,CUST0056,353.0,Premium,2024-07-18
TXN001284,CUST0319,973.31,Premium,2024-02-23
TXN001285,CUST0203,979.94,Premium,2024-06-06
TXN001286,CUST0271,275.59,Basic,2024-10-06
TXN001287,CUST0109,50.57,Enterprise,2024-04-29
TXN001288,CUST0116,708.01,Premium,2024-06-20
TXN001289,CUST0092,456.48,Enterprise,2024-04-06
TXN001290,CUST0138,109.75,Premium,2024-11-25
TXN001291,CUST0422,710.45,Basic,2024-01-21
TXN001292,CUST0303,40.86,Enterprise,2023-12-16
TXN001293,CUST0057,871.49,Premium,2024-02-03
TXN001294,CUST0050,147.27,Premium,2024-10-17
TXN001295,CUST0498,136.04,Premium,2024-02-11
TXN001296,CUST0071,183.92,Premium,2024-04-19
TXN001297,CUST0399,960.66,Basic,2024-07-01
TXN001298,CUST0402,696.24,Premium,2024-08-14
TXN001299,CUST0082,803.36,Premium,2023-12-10
TXN001300,CUST0372,403.66,Basic,2024-10-20
TXN001301,CUST0105,342.95,Premium,2024-12-06
TXN001302,CUST0088,242.14,Enterprise,2024-08-06
TXN001303,CUST0002,485.84,Enterprise,2024-03-15
TXN001304,CUST0360,556.31,Premium,2024-10-07
TXN001305,CUST0084,635.46,Basic,2024-09-29
TXN001306,CUST0482,264.55,Basic,2024-02-02
TXN001307,CUST0043,949.17,Basic,2024-04-30
TXN001308,CUST0154,178.06,Premium,2023-12-08
TXN001309,CUST0327,966.0,Premium,2024-11-25
TXN001310,CUST0422,24.71,Enterprise,2024-06-02
TXN001311,CUST0094,486.31,Basic,2024-06-16
TXN001312,CUST0298,340.03,Premium,2024-03-02
TXN001313,CUST0133,454.63,Premium,2024-02-09
TXN001314,CUST0395,574.96,Premium,2024-03-28
TXN001315,CUST0065,441.23,Basic,2024-09-20
TXN001316,CUST0290,420.7,Basic,2023-12-16
TXN001317,CUST0376,735.4,Enterprise,2024-03-28
TXN001318,CUST0257,689.02,Basic,2024-04-25
TXN001319,CUST0467,834.94,Premium,2024-10-04
TXN001320,CUST0386,257.46,Enterprise,2024-08-13
TXN001321,CUST0213,613.43,Basic,2024-01-11
TXN001322,CUST0148,589.34,Basic,2024-11-14
TXN001323,CUST0061,376.04,Basic,2024-10-30
TXN001324,CUST0471,491.2,Basic,2024-12-05
TXN001325,CUST0149,320.64,Premium,2024-08-23
TXN001326,CUST0088,150.43,Basic,2024-10-05
TXN001327,CUST0324,221.66,Premium,2024-04-19
TXN001328,CUST0383,114.46,Premium,2024-05-02
TXN001329,CUST0396,686.24,Premium,2024-06-12
TXN001330,CUST0278,664.12,Enterprise,2024-07-17
TXN001331,CUST0404,951.1,Premium,2023-12-23
TXN001332,CUST0082,732.38,Basic,2024-08-27
TXN001333,CUST0129,61.53,Enterprise,2024-10-13
TXN001334,CUST0286,885.4,Basic,2024-04-16
TXN001335,CUST0382,864.05,Premium,2024-05-31
TXN001336,CUST0353,448.89,Basic,2024-04-09
TXN001337,CUST0280,590.0,Enterprise,2024-03-31
TXN001338,CUST0270,976.32,Enterprise,2024-05-17
TXN001339,CUST0292,536.98,Basic,2024-10-28
TXN001340,CUST0453,906.27,Basic,2024-06-24
TXN001341,CUST0203,92.21,Basic,2024-05-16
TXN001342,CUST0024,199.14,Enterprise,2024-04-17
TXN001343,CUST0444,446.35,Premium,2024-02-20
TXN001344,CUST0351,588.91,Basic,2024-07-28
TXN001345,CUST0311,818.07,Premium,2024-11-05
TXN001346,CUST0461,988.38,Enterprise,2024-08-06
TXN001347,CUST0208,394.96,Basic,2024-10-03
TXN001348,CUST0280,56.94,Basic,2024-10-28
TXN001349,CUST0205,803.16,Enterprise,2024-03-04
TXN001350,CUST0152,608.34,Basic,2024-07-14
TXN001351,CUST0438,206.56,Premium,2024-08-18
TXN001352,CUST0026,499.88,Enterprise,2024-11-15
TXN001353,CUST0194,744.89,Enterprise,2023-12-15
TXN001354,CUST0336,772.71,Basic,2024-02-16
TXN001355,CUST0422,504.62,Enterprise,2024-09-24
TXN001356,CUST0238,312.16,Basic,2024-10-24
TXN001357,CUST0321,974.01,Basic,2024-07-21
TXN001358,CUST0497,666.73,Enterprise,2024-07-28
TXN001359,CUST0075,414.16,Basic,2024-11-18
TXN001360,CUST0435,287.66,Premium,2024-02-02
TXN001361,CUST0163,733.79,Premium,2024-01-08
TXN001362,CUST0299,249.76,Basic,2024-08-04
TXN001363,CUST0029,179.99,Premium,2024-03-20
TXN001364,CUST0165,534.54,Basic,2024-02-04
TXN001365,CUST0337,297.09,Premium,2024-09-15
TXN001366,CUST0186,632.62,Enterprise,2024-04-14
TXN001367,CUST0054,126.76,Basic,2024-01-18
TXN001368,CUST0295,658.39,Basic,2024-08-01
TXN001369,CUST0042,290.46,Basic,2024-01-08
TXN001370,CUST0412,10.24,Basic,2024-04-24
TXN001371,CUST0285,135.67,Basic,2023-12-22
TXN001372,CUST0427,934.28,Basic,2024-09-26
TXN001373,CUST0387,868.68,Enterprise,2024-03-09
TXN001374,CUST0500,241.27,Enterprise,2024-01-11
TXN001375,CUST0138,780.59,Premium,2024-10-24
TXN001376,CUST0187,612.49,Basic,2024-03-28
TXN001377,CUST0490,971.2,Premium,2024-07-04
TXN001378,CUST0398,379.87,Premium,2024-06-11
TXN001379,CUST0204,684.65,Enterprise,2024-10-30
TXN001380,CUST0431,72.9,Premium,2024-11-18
TXN001381,CUST0042,402.28,Enterprise,2024-05-29
TXN001382,CUST0350,964.18,Premium,2024-09-28
TXN001383,CUST0416,543.59,Basic,2024-10-12
TXN001384,CUST0288,295.0,Premium,2024-01-04
TXN001385,CUST0426,129.07,Enterprise,2024-10-23
TXN001386,CUST0416,706.49,Enterprise,2024-10-04
TXN001387,CUST0026,648.41,Enterprise,2024-04-04
TXN001388,CUST0371,380.2,Premium,2024-07-12
TXN001389,CUST0385,951.43,Premium,2024-08-21
TXN001390,CUST0056,31.98,Enterprise,2024-11-22
TXN001391,CUST0253,310.69,Basic,2024-11-04
TXN001392,CUST0122,921.86,Basic,2024-09-02
TXN001393,CUST0106,327.73,Premium,2024-05-21
TXN001394,CUST0130,259.73,Premium,2024-12-04
TXN001395,CUST0337,538.88,Enterprise,2024-09-27
TXN001396,CUST0158,825.56,Premium,2024-11-28
TXN001397,CUST0376,112.12,Premium,2024-11-07
TXN001398,CUST0231,943.59,Enterprise,2024-07-16
TXN001399,CUST0455,797.12,Enterprise,2024-04-21
TXN001400,CUST0308,189.44,Premium,2024-09-26
TXN001401,CUST0091,714.89,Basic,2024-05-01
TXN001402,CUST0393,391.11,Premium,2024-07-16
TXN001403,CUST0022,408.27,Basic,2024-03-07
TXN001404,CUST0290,785.46,Basic,2024-12-01
TXN001405,CUST0110,963.16,Basic,2024-03-20
TXN001406,CUST0049,135.39,Enterprise,2024-09-04
TXN001407,CUST0129,426.42,Enterprise,2023-12-12
TXN001408,CUST0073,486.13,Enterprise,2024-08-13
TXN001409,CUST0340,382.55,Premium,2024-11-21
TXN001410,CUST0053,369.56,Enterprise,2024-10-22
TXN001411,CUST0467,61.75,Enterprise,2024-10-26
TXN001412,CUST0356,688.68,Premium,2024-08-09
TXN001413,CUST0380,441.85,Premium,2023-12-24
TXN001414,CUST0168,202.85,Basic,2024-08-07
TXN001415,CUST0045,817.87,Premium,2024-04-24
TXN001416,CUST0452,804.54,Premium,2024-06-06
TXN001417,CUST0393,491.53,Enterprise,2024-07-19
TXN001418,CUST0105,305.47,Basic,2024-06-05
TXN001419,CUST0150,641.71,Basic,2024-05-16
TXN001420,CUST0146,295.27,Premium,2024-04-29
TXN001421,CUST0204,243.65,Enterprise,2024-07-28
TXN001422,CUST0362,733.21,Enterprise,2024-10-23
TXN001423,CUST0299,49.92,Enterprise,2024-04-09
TXN001424,CUST0167,103.82,Enterprise,2024-04-03
TXN001425,CUST0201,16.72,Premium,2024-09-16
TXN001426,CUST0134,161.41,Enterprise,2024-09-17
TXN001427,CUST0211,78.3,Basic,2024-10-06
TXN001428,CUST0048,995.84,Basic,2024-10-05
TXN001429,CUST0126,295.92,Premium,2024-04-06
TXN001430,CUST0239,157.78,Enterprise,2024-07-14
TXN001431,CUST0007,248.59,Enterprise,2024-05-12
TXN001432,CUST0464,936.76,Enterprise,2024-07-29
TXN001433,CUST0453,524.96,Enterprise,2024-10-29
TXN001434,CUST0272,371.17,Premium,2024-11-30
TXN001435,CUST0385,874.66,Enterprise,2024-01-12
TXN001436,CUST0371,401.04,Premium,2024-09-29
TXN001437,CUST0037,341.66,Enterprise,2024-10-03
TXN001438,CUST0487,215.21,Enterprise,2024-11-18
TXN001439,CUST0211,384.02,Basic,2024-01-30
TXN001440,CUST0165,323.52,Premium,2024-02-15
TXN001441,CUST0125,680.53,Basic,2024-04-15
TXN001442,CUST0337,296.69,Premium,2024-03-15
TXN001443,CUST0192,581.43,Enterprise,2023-12-13
TXN001444,CUST0218,75.23,Enterprise,2024-10-26
TXN001445,CUST0214,199.38,Premium,2024-08-12
TXN001446,CUST0062,413.33,Basic,2024-08-28
TXN001447,CUST0328,937.58,Premium,2024-11-09
TXN001448,CUST0445,383.48,Premium,2024-09-11
TXN001449,CUST0381,667.43,Enterprise,2024-08-20
TXN001450,CUST0161,262.54,Basic,2024-02-09
TXN001451,CUST0066,135.76,Premium,2024-04-19
TXN001452,CUST0286,67.95,Basic,2024-09-05
TXN001453,CUST0239,312.36,Basic,2024-02-10
TXN001454,CUST0020,166.08,Premium,2024-05-15
TXN001455,CUST0188,182.27,Basic,2024-02-09
TXN001456,CUST0082,763.15,Enterprise,2024-03-02
TXN001457,CUST0363,25.68,Enterprise,2024-10-21
TXN001458,CUST0202,562.23,Enterprise,2024-06-01
TXN001459,CUST0408,385.67,Enterprise,2024-06-24
TXN001460,CUST0132,511.48,Basic,2024-10-19
TXN001461,CUST0037,567.2,Enterprise,2024-07-18
TXN001462,CUST0132,320.23,Premium,2024-08-31
TXN001463,CUST0077,302.16,Enterprise,2023-12-26
TXN001464,CUST0089,736.07,Premium,2024-10-26
TXN001465,CUST0461,872.56,Premium,2024-09-19
TXN001466,CUST0402,200.66,Enterprise,2024-09-04
TXN001467,CUST0253,106.64,Enterprise,2024-02-29
TXN001468,CUST0344,898.82,Basic,2024-07-29
TXN001469,CUST0194,356.4,Premium,2024-02-16
TXN001470,CUST0176,555.8,Enterprise,2024-06-28
TXN001471,CUST0033,365.95,Basic,2024-10-09
TXN001472,CUST0058,134.54,Enterprise,2024-09-04
TXN001473,CUST0467,593.44,Enterprise,2023-12-29
TXN001474,CUST0201,529.89,Enterprise,2024-08-19
TXN001475,CUST0028,210.96,Premium,2024-03-13
TXN001476,CUST0035,457.35,Enterprise,2024-09-05
TXN001477,CUST0487,798.98,Basic,2024-12-02
TXN001478,CUST0125,594.52,Enterprise,2024-04-15
TXN001479,CUST0394,105.95,Enterprise,2023-12-20
TXN001480,CUST0321,552.54,Basic,2024-08-06
TXN001481,CUST0042,705.71,Basic,2024-02-23
TXN001482,CUST0085,794.78,Premium,2024-10-02
TXN001483,CUST0393,632.83,Premium,2024-03-13
TXN001484,CUST0188,161.13,Premium,2024-04-15
TXN001485,CUST0111,713.07,Premium,2024-06-10
TXN001486,CUST0271,680.57,Basic,2024-08-21
TXN001487,CUST0483,34.18,Enterprise,2024-01-10
TXN001488,CUST0441,417.63,Enterprise,2024-10-21
TXN001489,CUST0325,339.62,Enterprise,2024-09-29
TXN001490,CUST0105,672.72,Premium,2024-11-22
TXN001491,CUST0406,223.97,Basic,2024-10-16
TXN001492,CUST0320,594.96,Basic,2024-04-21
TXN001493,CUST0041,914.07,Basic,2024-04-03
TXN001494,CUST0215,799.82,Enterprise,2024-06-23
TXN001495,CUST0071,922.24,Premium,2024-07-02
TXN001496,CUST0056,978.72,Basic,2024-10-27
TXN001497,CUST0407,20.56,Premium,2024-09-15
TXN001498,CUST0236,626.51,Basic,2024-06-23
TXN001499,CUST0281,418.71,Premium,2024-05-31
TXN001500,CUST0475,861.26,Basic,2024-01-12
